MeterId,IntervalStartUtc,Kwh,Quality,ReceivedAtUtc
MTR-0001,2026-09-01T16:00:00Z,12.40,A,2026-09-02T01:10:00Z
MTR-0001,2026-09-01T16:15:00Z,12.90,A,2026-09-02T01:10:00Z
MTR-0001,2026-09-01T16:15:00Z,13.05,A,2026-09-02T03:40:00Z
MTR-0002,2026-09-01T06:00:00Z,3.10,E,2026-09-02T01:10:00Z
MTR-0002,2026-09-01T06:15:00Z,,A,2026-09-02T01:10:00Z
MTR-0002,2026-09-01T06:30:00Z,2.95,F,2026-09-02T01:10:00Z
MTR-0003,2026-09-01T22:00:00Z,0.00,A,2026-09-02T01:10:00Z
MTR-0003,2026-09-01T22:15:00Z,900.00,A,2026-09-02T01:10:00Z
MTR-0004,2026-09-01T18:00:00Z,41.70,A,2026-09-02T01:10:00Z
MTR-9999,2026-09-01T18:00:00Z,5.00,A,2026-09-02T01:10:00Z
